id,first_name,last_name,email,gender,ip_address
1,Harcourt,Wehner,hwehner0@sphinn.com,Male,106.73.123.69
2,Javier,Thebeaud,jthebeaud1@washingtonpost.com,Male,164.36.149.246
3,Grant,Symers,gsymers2@sourceforge.net,Male,217.149.197.130
4,Hermina,Esp,hesp3@webs.com,Female,228.37.220.206
5,Hersch,Jedrzejkiewicz,hjedrzejkiewicz4@pinterest.com,Male,10.113.5.34
6,Gibb,Gatch,ggatch5@shinystat.com,Male,244.14.66.66
7,Kessiah,Klimke,kklimke6@plala.or.jp,Female,177.50.167.136
8,Valenka,Lindenstrauss,vlindenstrauss7@posterous.com,Female,35.204.133.4
9,Laurice,Christin,lchristin8@constantcontact.com,Female,7.112.174.244
10,Sancho,Bartholomieu,sbartholomieu9@mapy.cz,Male,46.90.131.173
11,Emelina,Lazenby,elazenbya@g.co,Female,195.77.176.20
12,Livvie,Donnell,ldonnellb@altervista.org,Female,136.233.119.81
13,Diann,Puleque,dpulequec@tamu.edu,Non-binary,92.138.148.145
14,Free,Headley,fheadleyd@state.gov,Male,8.175.30.252
15,Gale,Fromant,gfromante@uol.com.br,Male,86.30.229.130
16,Mile,Lamerton,mlamertonf@devhub.com,Male,81.158.98.80
17,Alaine,Frostdicke,afrostdickeg@mit.edu,Genderqueer,31.156.205.164
18,Farr,Noddles,fnoddlesh@unicef.org,Male,152.71.44.171
19,Eulalie,Woodnutt,ewoodnutti@tinyurl.com,Female,204.17.162.251
20,Ethelyn,Simonnet,esimonnetj@fema.gov,Female,41.60.249.134
21,Loren,Ickovitz,lickovitzk@theguardian.com,Male,18.182.214.54
22,Carrol,Kempson,ckempsonl@list-manage.com,Male,68.193.51.158
23,Fionna,Primett,fprimettm@state.gov,Female,134.2.151.223
24,Burr,Clayden,bclaydenn@answers.com,Male,199.205.226.205
25,Wendy,Lewsie,wlewsieo@unblog.fr,Female,26.254.210.6
26,Travis,Eckersley,teckersleyp@163.com,Male,58.4.192.198
27,Davie,Marages,dmaragesq@booking.com,Male,5.110.25.221
28,Bartlett,Keane,bkeaner@over-blog.com,Male,82.213.145.117
29,Denis,Flipsen,dflipsens@nydailynews.com,Male,92.160.249.95
30,Berty,McPeeters,bmcpeeterst@flavors.me,Male,151.7.179.169
31,Cash,Blasetti,cblasettiu@deviantart.com,Male,105.90.20.44
32,Mandie,Simonetto,msimonettov@facebook.com,Female,43.18.59.176
33,Beverie,Selwyn,bselwynw@newsvine.com,Female,99.112.162.207
34,Silvester,Housen,shousenx@nhs.uk,Male,181.129.73.189
35,Giffy,Clyne,gclyney@nymag.com,Bigender,140.35.200.75
36,Zebedee,Bellis,zbellisz@phpbb.com,Male,8.212.86.93
37,Bastian,Dunsmore,bdunsmore10@cocolog-nifty.com,Male,241.8.120.172
38,Cathee,Garfitt,cgarfitt11@oakley.com,Female,199.249.160.110
39,Aurelea,Lindbergh,alindbergh12@hhs.gov,Female,26.133.121.165
40,Shirlene,Denson,sdenson13@cisco.com,Female,141.86.97.216
41,Wilbert,Merritt,wmerritt14@addtoany.com,Male,90.47.212.230
42,Taddeusz,Binnes,tbinnes15@github.com,Male,115.16.125.169
43,Charlot,Castellan,ccastellan16@globo.com,Female,83.100.15.202
44,Margot,Ferencz,mferencz17@toplist.cz,Female,252.113.94.95
45,Rosalinde,Nizard,rnizard18@state.tx.us,Female,20.45.104.67
46,Tallie,Tunkin,ttunkin19@gizmodo.com,Female,59.43.87.3
47,Napoleon,Bastone,nbastone1a@weather.com,Male,179.16.31.73
48,Monro,Toone,mtoone1b@mapquest.com,Male,114.218.239.45
49,Lionello,Bambra,lbambra1c@hc360.com,Male,251.241.179.143
50,Marsiella,Sange,msange1d@walmart.com,Female,94.24.87.167
51,Harlan,Van den Velde,hvandenvelde1e@forbes.com,Male,217.30.203.168
52,Maryrose,Dillingstone,mdillingstone1f@booking.com,Female,248.140.123.51
53,Danyette,Enevoldsen,denevoldsen1g@virginia.edu,Female,211.39.245.219
54,Susi,De Launde,sdelaunde1h@engadget.com,Female,11.155.180.220
55,Belita,McCrachen,bmccrachen1i@uiuc.edu,Female,103.173.190.174
56,Rowney,Petrelluzzi,rpetrelluzzi1j@xrea.com,Male,36.190.2.57
57,Isabelle,Baccas,ibaccas1k@deliciousdays.com,Female,176.197.119.227
58,Belia,Wensley,bwensley1l@hud.gov,Female,152.244.151.174
59,Ransom,Evason,revason1m@google.it,Male,13.222.108.70
60,Meier,Jerrold,mjerrold1n@vkontakte.ru,Male,55.237.233.152
61,Carena,Linzey,clinzey1o@mit.edu,Female,56.23.11.223
62,Turner,Tampling,ttampling1p@furl.net,Male,175.59.20.5
63,Britney,Yitzovicz,byitzovicz1q@weebly.com,Female,64.111.29.120
64,Beret,McFee,bmcfee1r@mapquest.com,Female,130.122.135.180
65,Georgina,Quene,gquene1s@answers.com,Female,5.230.254.173
66,Carlotta,Chiddy,cchiddy1t@geocities.jp,Female,40.236.74.185
67,Abby,Abthorpe,aabthorpe1u@latimes.com,Male,213.220.188.193
68,Shandee,Gerrets,sgerrets1v@indiatimes.com,Female,83.96.246.76
69,Bard,Denness,bdenness1w@yale.edu,Male,4.183.1.134
70,Talyah,Drioli,tdrioli1x@miitbeian.gov.cn,Female,213.68.180.158
71,Kate,Bollon,kbollon1y@geocities.jp,Female,173.159.182.130
72,Sinclair,Cockrill,scockrill1z@altervista.org,Male,31.60.146.30
73,Ermin,Sherrett,esherrett20@sciencedaily.com,Male,14.142.221.222
74,Nigel,Mellenby,nmellenby21@omniture.com,Male,50.245.250.231
75,Hercules,Handke,hhandke22@upenn.edu,Male,137.167.42.44
76,Worthington,Viste,wviste23@symantec.com,Male,214.237.51.49
77,Leo,Spyer,lspyer24@biblegateway.com,Male,64.37.104.243
78,Roseann,Klimochkin,rklimochkin25@gravatar.com,Female,130.44.238.185
79,Valeria,Leadley,vleadley26@biglobe.ne.jp,Non-binary,135.143.77.131
80,Goddart,Barette,gbarette27@ebay.co.uk,Male,173.111.157.44
81,Fifine,Beart,fbeart28@shareasale.com,Bigender,99.74.56.79
82,Clint,Samter,csamter29@wikipedia.org,Male,69.224.141.175
83,Estrella,Kyndred,ekyndred2a@vinaora.com,Female,150.171.22.133
84,Pren,Beecker,pbeecker2b@1688.com,Male,76.82.38.248
85,Carla,Gillani,cgillani2c@ca.gov,Genderqueer,137.249.247.119
86,Kassi,St. Clair,kstclair2d@rambler.ru,Female,33.141.152.32
87,Tommy,Boulter,tboulter2e@cafepress.com,Male,79.72.121.170
88,Ryon,Cartwight,rcartwight2f@webs.com,Male,39.208.137.87
89,Kelsey,Snepp,ksnepp2g@apple.com,Male,113.0.35.56
90,Patsy,Beveredge,pbeveredge2h@wufoo.com,Polygender,139.191.48.95
91,Kirbie,Studholme,kstudholme2i@yolasite.com,Female,179.166.157.96
92,Jyoti,Gane,jgane2j@pen.io,Female,82.155.226.157
93,Stevana,Loomis,sloomis2k@joomla.org,Female,249.195.198.169
94,Nerita,Baike,nbaike2l@imgur.com,Female,132.5.150.191
95,Shirl,Worrall,sworrall2m@elegantthemes.com,Female,191.232.151.68
96,Nerissa,Walliker,nwalliker2n@weebly.com,Female,109.78.241.76
97,Wilek,Adamovich,wadamovich2o@illinois.edu,Polygender,251.116.68.190
98,Madison,Edmonston,medmonston2p@wufoo.com,Male,238.246.136.190
99,Romy,Syrad,rsyrad2q@wunderground.com,Female,125.183.147.236
100,Gwyneth,Zealander,gzealander2r@msn.com,Female,48.26.15.10
101,Darrel,Tribble,dtribble2s@ustream.tv,Male,136.246.228.172
102,Stearn,Stanlack,sstanlack2t@sbwire.com,Male,125.67.61.148
103,Alie,Allpress,aallpress2u@instagram.com,Female,40.152.192.64
104,Brittni,Knights,bknights2v@chronoengine.com,Female,96.8.192.99
105,Jerome,Spinnace,jspinnace2w@state.gov,Male,240.37.58.133
106,David,Gransden,dgransden2x@va.gov,Male,168.183.164.207
107,Haslett,Allright,hallright2y@github.com,Male,23.219.23.4
108,Tamiko,Rickarsey,trickarsey2z@indiegogo.com,Female,160.138.4.150
109,Ameline,Garrow,agarrow30@moonfruit.com,Non-binary,163.223.79.223
110,Sandor,Freeth,sfreeth31@time.com,Male,190.5.237.69
111,Hort,Outhwaite,houthwaite32@ehow.com,Male,73.198.15.132
112,Artemus,Swaile,aswaile33@sun.com,Male,205.157.18.30
113,Pip,Linden,plinden34@noaa.gov,Male,33.128.11.146
114,Hastings,Catlin,hcatlin35@spiegel.de,Male,207.57.195.243
115,Torrin,Strivens,tstrivens36@prlog.org,Polygender,138.225.170.251
116,Yorker,Vickors,yvickors37@weibo.com,Male,191.160.234.49
117,Ofelia,Sickert,osickert38@sogou.com,Female,14.62.39.105
118,Jorry,Brocklebank,jbrocklebank39@slate.com,Female,12.25.28.184
119,Neron,Poinsett,npoinsett3a@cornell.edu,Male,58.100.238.48
120,Luelle,Schimke,lschimke3b@rakuten.co.jp,Female,82.27.195.125
121,Aundrea,Kalisch,akalisch3c@naver.com,Female,66.157.135.41
122,Tani,Lawrence,tlawrence3d@abc.net.au,Female,103.178.120.247
123,Evania,Grangier,egrangier3e@stanford.edu,Female,173.94.130.129
124,Clemente,Casford,ccasford3f@myspace.com,Male,63.199.101.133
125,Julina,Halkyard,jhalkyard3g@liveinternet.ru,Female,73.47.158.48
126,Godfree,Edmand,gedmand3h@purevolume.com,Male,30.118.109.41
127,Tarrah,Adenot,tadenot3i@ebay.co.uk,Female,74.214.229.51
128,Marnia,Young,myoung3j@lycos.com,Female,51.88.77.134
129,Tori,Seawell,tseawell3k@cargocollective.com,Female,243.178.252.172
130,Davy,Grishakov,dgrishakov3l@princeton.edu,Male,76.168.42.79
131,Archie,Vedenisov,avedenisov3m@time.com,Male,125.136.76.104
132,Dene,Ramel,dramel3n@gravatar.com,Polygender,67.70.255.173
133,Dale,Kliemke,dkliemke3o@redcross.org,Female,252.112.218.136
134,Benedict,Redding,bredding3p@reuters.com,Male,214.36.86.235
135,Francesco,Southon,fsouthon3q@scribd.com,Male,98.65.14.1
136,Welby,Boylund,wboylund3r@webeden.co.uk,Male,133.66.151.208
137,Tyler,Dunphy,tdunphy3s@adobe.com,Male,161.207.144.230
138,Farra,Crossby,fcrossby3t@ning.com,Female,80.105.242.201
139,Bernice,Agirre,bagirre3u@jiathis.com,Female,231.92.43.158
140,Karlie,Gull,kgull3v@unicef.org,Female,121.254.109.65
141,Arlen,Sparkwell,asparkwell3w@prweb.com,Female,240.28.63.65
142,Pascal,Drinkhill,pdrinkhill3x@msn.com,Male,106.58.203.134
143,Kristofer,Swayton,kswayton3y@flavors.me,Male,219.149.210.9
144,Cherilynn,Fellgett,cfellgett3z@163.com,Female,146.2.158.87
145,Roddy,Dolohunty,rdolohunty40@cpanel.net,Male,142.226.8.20
146,Conrad,Paolinelli,cpaolinelli41@hostgator.com,Male,14.120.225.33
147,Bendick,McCathie,bmccathie42@google.fr,Genderqueer,201.52.136.143
148,Chancey,Cowmeadow,ccowmeadow43@washingtonpost.com,Male,144.102.27.130
149,Taddeusz,Fotheringham,tfotheringham44@aboutads.info,Male,220.3.43.215
150,Harv,Macknish,hmacknish45@alibaba.com,Male,136.21.2.59
151,Wynn,Mushett,wmushett46@dagondesign.com,Bigender,180.38.162.238
152,Kimmie,Beardow,kbeardow47@berkeley.edu,Female,64.197.30.219
153,Marne,Sinnatt,msinnatt48@discovery.com,Polygender,45.218.7.134
154,Monte,Bernardini,mbernardini49@quantcast.com,Male,2.236.144.166
155,Honey,Badcock,hbadcock4a@networkadvertising.org,Female,99.158.103.246
156,Annalise,La Batie,alabatie4b@clickbank.net,Female,45.43.18.232
157,Donaugh,Bynold,dbynold4c@cloudflare.com,Male,106.34.9.160
158,Eada,Cammomile,ecammomile4d@apache.org,Female,199.208.199.200
159,Tabbie,Dinzey,tdinzey4e@tinypic.com,Male,214.225.101.208
160,Gianni,Gorke,ggorke4f@networksolutions.com,Male,148.201.94.134
161,Bianca,Urlich,burlich4g@moonfruit.com,Female,6.65.188.103
162,Merill,Costellow,mcostellow4h@sitemeter.com,Male,175.112.27.253
163,Linus,Jakolevitch,ljakolevitch4i@topsy.com,Male,194.243.178.20
164,Parnell,Barkaway,pbarkaway4j@psu.edu,Male,182.117.168.105
165,Wadsworth,Almak,walmak4k@feedburner.com,Male,87.107.147.146
166,Kalvin,Braunston,kbraunston4l@jigsy.com,Male,252.29.107.18
167,Karoly,Breton,kbreton4m@4shared.com,Male,0.53.178.52
168,Tatum,Northam,tnortham4n@google.es,Female,15.198.89.131
169,Korella,Fielden,kfielden4o@earthlink.net,Female,59.198.78.152
170,Brock,Christauffour,bchristauffour4p@yellowbook.com,Male,162.59.84.135
171,Lilla,Doogood,ldoogood4q@purevolume.com,Female,31.89.162.253
172,Sophey,Smoughton,ssmoughton4r@upenn.edu,Agender,164.32.178.116
173,Eberhard,Grist,egrist4s@istockphoto.com,Male,44.17.6.178
174,Brig,Bendix,bbendix4t@ihg.com,Agender,157.113.159.215
175,Hagen,De Haven,hdehaven4u@paypal.com,Male,21.169.58.179
176,Milly,Langcaster,mlangcaster4v@networkadvertising.org,Female,181.29.7.45
177,Darnall,Wabey,dwabey4w@admin.ch,Male,237.185.8.70
178,Raphael,Stollberg,rstollberg4x@sohu.com,Male,146.217.4.247
179,Krystalle,Holtum,kholtum4y@cargocollective.com,Female,182.7.199.122
180,Sonia,Hammersley,shammersley4z@51.la,Female,174.74.18.211
181,Ferdy,Salvatore,fsalvatore50@hc360.com,Male,124.97.0.10
182,Drucy,Palliser,dpalliser51@tamu.edu,Female,248.84.238.246
183,Mei,Belford,mbelford52@intel.com,Female,27.124.40.53
184,Hugh,Piddlehinton,hpiddlehinton53@harvard.edu,Male,187.77.226.149
185,Elfie,Henric,ehenric54@jiathis.com,Female,158.111.102.249
186,Rory,Drei,rdrei55@patch.com,Female,144.234.111.206
187,Candida,Pavkovic,cpavkovic56@cpanel.net,Female,33.41.18.35
188,Petronille,Ruspine,pruspine57@4shared.com,Female,146.59.180.133
189,Garvey,Halbard,ghalbard58@nationalgeographic.com,Male,48.117.227.89
190,Thomasine,Braundt,tbraundt59@google.com.br,Female,34.173.75.177
191,Gregorius,Cobbledick,gcobbledick5a@sakura.ne.jp,Male,164.211.147.134
192,Thorn,Burdell,tburdell5b@ameblo.jp,Male,210.103.159.141
193,Zedekiah,Tarbatt,ztarbatt5c@vistaprint.com,Male,212.201.131.90
194,Nessy,Newson,nnewson5d@scientificamerican.com,Female,28.202.230.177
195,Ebeneser,Hanvey,ehanvey5e@purevolume.com,Male,201.236.169.23
196,Audra,Liddall,aliddall5f@networksolutions.com,Female,252.151.216.37
197,Nathanael,Sweed,nsweed5g@nasa.gov,Male,199.55.26.216
198,Lonnard,Carty,lcarty5h@epa.gov,Male,30.170.37.9
199,Sonia,Wenman,swenman5i@joomla.org,Female,91.227.160.34
200,Marlin,Mulleary,mmulleary5j@about.me,Male,16.164.188.220
201,Petunia,Giraudy,pgiraudy5k@craigslist.org,Female,220.39.234.174
202,Cornela,McNaught,cmcnaught5l@themeforest.net,Female,132.84.146.133
203,Wilie,Heugh,wheugh5m@shutterfly.com,Female,180.120.226.117
204,Adriano,Becerro,abecerro5n@51.la,Male,107.241.186.234
205,Reagen,Merdew,rmerdew5o@ucoz.com,Male,76.188.55.10
206,Aland,Thickins,athickins5p@blog.com,Male,170.253.97.59
207,Wolfie,L' Estrange,wlestrange5q@fastcompany.com,Male,107.235.145.2
208,Elroy,Batalini,ebatalini5r@sohu.com,Male,186.200.192.94
209,Cherianne,Yaus,cyaus5s@comsenz.com,Polygender,87.177.176.190
210,Godart,Crielly,gcrielly5t@cocolog-nifty.com,Male,87.91.43.139
211,Bibi,McLaren,bmclaren5u@nationalgeographic.com,Female,240.2.130.115
212,Lindy,Arderne,larderne5v@tripadvisor.com,Male,196.62.109.22
213,Granthem,Angear,gangear5w@icio.us,Male,192.146.38.231
214,Odo,Densumbe,odensumbe5x@google.ca,Male,218.216.212.144
215,Harwell,Ordelt,hordelt5y@imgur.com,Male,39.180.183.153
216,Vernor,Francesch,vfrancesch5z@mayoclinic.com,Male,142.140.19.9
217,Francine,Goodburn,fgoodburn60@qq.com,Bigender,2.5.203.138
218,Wolfy,McInerney,wmcinerney61@elegantthemes.com,Male,150.174.123.233
219,Ardeen,Abramzon,aabramzon62@addthis.com,Female,131.193.243.37
220,Gerardo,Berg,gberg63@odnoklassniki.ru,Male,210.245.237.64
221,Alicia,Peasby,apeasby64@zdnet.com,Female,175.39.9.5
222,Gage,O'Reilly,goreilly65@prweb.com,Male,5.242.170.30
223,Joell,Brisseau,jbrisseau66@youtu.be,Female,14.228.30.170
224,Rena,Matoshin,rmatoshin67@edublogs.org,Female,246.237.203.198
225,Filmore,Forre,fforre68@flavors.me,Bigender,124.252.164.45
226,Peggi,Hugett,phugett69@hexun.com,Genderqueer,62.242.247.244
227,Lem,Joberne,ljoberne6a@mail.ru,Male,171.128.231.138
228,Nana,Limer,nlimer6b@imgur.com,Female,161.29.9.170
229,Sharla,Gautrey,sgautrey6c@yellowpages.com,Female,59.171.248.104
230,Alard,Spinley,aspinley6d@icio.us,Male,26.107.90.224
231,Pippa,Peret,pperet6e@theatlantic.com,Female,250.147.186.214
232,Ethelin,McIlveen,emcilveen6f@sitemeter.com,Female,194.128.194.152
233,Cozmo,Coldtart,ccoldtart6g@pagesperso-orange.fr,Male,11.109.139.229
234,Othello,Callington,ocallington6h@noaa.gov,Male,122.221.146.137
235,Raven,Harold,rharold6i@de.vu,Genderqueer,51.35.203.170
236,Freida,Tasseler,ftasseler6j@chicagotribune.com,Female,29.96.79.179
237,Carina,Ganny,cganny6k@storify.com,Female,121.187.178.145
238,Vivian,Domenico,vdomenico6l@ovh.net,Female,14.4.172.71
239,Ardis,Sambedge,asambedge6m@kickstarter.com,Female,203.77.203.85
240,Marysa,Greenham,mgreenham6n@hatena.ne.jp,Female,224.83.182.135
241,Leshia,Hinge,lhinge6o@slate.com,Genderqueer,8.157.28.132
242,Adolph,Colvin,acolvin6p@opensource.org,Male,197.157.48.200
243,Theo,Kohen,tkohen6q@barnesandnoble.com,Female,86.183.144.79
244,Denice,Fairley,dfairley6r@storify.com,Female,239.14.34.55
245,Hulda,Girdwood,hgirdwood6s@hibu.com,Female,64.46.204.200
246,Sabina,Sussams,ssussams6t@admin.ch,Female,7.124.58.173
247,Aurora,Maus,amaus6u@1und1.de,Female,155.215.33.33
248,Lenard,Decruse,ldecruse6v@google.com.br,Male,130.243.227.159
249,Tricia,Pie,tpie6w@bing.com,Genderfluid,203.17.146.106
250,Johanna,Cornford,jcornford6x@clickbank.net,Female,9.162.92.67
251,Gregoire,Vye,gvye6y@ebay.com,Male,43.127.34.36
252,Dorthy,Iannelli,diannelli6z@google.fr,Female,58.91.192.153
253,Yorker,Wetherick,ywetherick70@fda.gov,Male,84.162.251.42
254,Lenore,Basnett,lbasnett71@amazon.co.uk,Female,163.148.118.100
255,Hobart,Ivakin,hivakin72@ezinearticles.com,Non-binary,88.217.165.156
256,Tiffanie,Corter,tcorter73@csmonitor.com,Female,70.255.136.34
257,Harcourt,Bickmore,hbickmore74@indiatimes.com,Male,236.63.117.240
258,Marigold,Hovert,mhovert75@shareasale.com,Female,83.41.18.249
259,Meredeth,Sanchiz,msanchiz76@amazon.co.uk,Male,91.192.202.126
260,Ermengarde,Shailer,eshailer77@cpanel.net,Female,19.84.233.244
261,Nathaniel,Cowser,ncowser78@123-reg.co.uk,Bigender,67.70.171.89
262,Lela,Piechnik,lpiechnik79@yolasite.com,Female,250.218.155.253
263,Red,Randles,rrandles7a@de.vu,Male,91.191.138.229
264,Cinderella,Syddon,csyddon7b@4shared.com,Female,215.64.142.126
265,Sholom,Gymblett,sgymblett7c@pen.io,Male,178.227.113.132
266,Joell,Goldstein,jgoldstein7d@live.com,Female,51.40.244.236
267,Salmon,Mullinger,smullinger7e@xinhuanet.com,Male,37.151.56.93
268,Ernesto,Humphery,ehumphery7f@cbsnews.com,Male,84.9.181.194
269,Innis,Williamson,iwilliamson7g@infoseek.co.jp,Male,62.71.68.189
270,Boyd,Bourchier,bbourchier7h@delicious.com,Male,193.78.129.137
271,Manolo,Skeene,mskeene7i@elegantthemes.com,Male,88.79.137.93
272,Dal,Eyckel,deyckel7j@tripadvisor.com,Male,12.110.62.245
273,Armand,Escoffier,aescoffier7k@sourceforge.net,Male,238.208.70.75
274,Iris,Gleeson,igleeson7l@sciencedaily.com,Female,167.119.138.246
275,Darryl,Chittock,dchittock7m@facebook.com,Female,152.178.190.88
276,Port,Childrens,pchildrens7n@shutterfly.com,Male,56.214.166.171
277,Scotti,Cran,scran7o@hatena.ne.jp,Male,68.252.176.38
278,Essie,Andrew,eandrew7p@eepurl.com,Female,255.160.180.157
279,Sherie,Yushmanov,syushmanov7q@blogs.com,Female,153.97.228.105
280,Riccardo,Furmagier,rfurmagier7r@forbes.com,Male,36.212.15.9
281,Ginnifer,Sapson,gsapson7s@house.gov,Female,124.202.46.88
282,Shelbi,Hukin,shukin7t@economist.com,Female,100.77.142.118
283,Eziechiele,Walford,ewalford7u@lulu.com,Non-binary,22.179.188.242
284,Christy,Weiner,cweiner7v@patch.com,Female,238.34.137.218
285,Son,Toal,stoal7w@yellowbook.com,Male,114.98.20.44
286,Evyn,Morley,emorley7x@devhub.com,Male,118.180.86.71
287,Kent,Trustrie,ktrustrie7y@redcross.org,Bigender,18.59.143.245
288,Madelene,Artiss,martiss7z@wordpress.com,Female,181.25.254.113
289,Rois,Reeve,rreeve80@spiegel.de,Female,189.233.83.166
290,Steward,Guslon,sguslon81@github.io,Male,35.202.95.30
291,Thebault,Mostin,tmostin82@va.gov,Male,162.133.46.245
292,Samantha,Hinkley,shinkley83@google.de,Female,147.107.32.69
293,Stillman,Whale,swhale84@phpbb.com,Male,41.138.13.233
294,Dominique,Keggins,dkeggins85@123-reg.co.uk,Male,121.66.3.146
295,Gwendolyn,Saffon,gsaffon86@issuu.com,Female,6.221.6.69
296,Norah,Oldcote,noldcote87@thetimes.co.uk,Female,148.6.203.250
297,Connie,Rushe,crushe88@indiatimes.com,Female,29.153.160.47
298,Putnam,Headrick,pheadrick89@cloudflare.com,Male,192.161.244.18
299,Ethelbert,Netting,enetting8a@squarespace.com,Male,187.216.21.101
300,Jobyna,Gherardesci,jgherardesci8b@creativecommons.org,Bigender,255.56.12.171
301,Misha,Seak,mseak8c@furl.net,Genderqueer,95.89.4.61
302,Mackenzie,McKeown,mmckeown8d@dedecms.com,Male,135.104.14.89
303,Ricard,Attwoull,rattwoull8e@apple.com,Male,236.11.209.161
304,Yvor,Pigrome,ypigrome8f@tiny.cc,Male,218.133.21.248
305,Josephine,Simonard,jsimonard8g@youtube.com,Female,183.138.204.204
306,Henrie,Landal,hlandal8h@theguardian.com,Female,202.140.220.250
307,Patrizius,Berthe,pberthe8i@so-net.ne.jp,Male,102.198.168.125
308,Emelita,Dummer,edummer8j@bbc.co.uk,Female,212.144.233.21
309,Idalina,Letchmore,iletchmore8k@google.ca,Female,89.32.115.208
310,Edee,Fresson,efresson8l@telegraph.co.uk,Female,239.206.162.148
311,Martica,Huggen,mhuggen8m@businesswire.com,Female,93.238.21.101
312,Margette,Woolsey,mwoolsey8n@istockphoto.com,Female,66.210.104.90
313,Morton,Streater,mstreater8o@wikipedia.org,Male,156.186.138.25
314,Baldwin,Annetts,bannetts8p@angelfire.com,Male,158.77.138.211
315,Dominic,Skellon,dskellon8q@eventbrite.com,Male,64.30.30.73
316,Bjorn,Swanton,bswanton8r@istockphoto.com,Male,193.43.20.178
317,Thane,Duran,tduran8s@edublogs.org,Male,177.190.49.28
318,Emily,Crehan,ecrehan8t@tiny.cc,Female,164.51.60.145
319,Austin,Ceillier,aceillier8u@google.com.br,Female,220.8.181.40
320,Mateo,Scoines,mscoines8v@ifeng.com,Male,72.98.58.242
321,Chiquia,Lesurf,clesurf8w@yahoo.com,Female,58.215.227.81
322,Pauly,Harnell,pharnell8x@engadget.com,Female,144.155.186.220
323,Micky,Gladtbach,mgladtbach8y@hp.com,Male,114.85.97.77
324,Oliy,Georgel,ogeorgel8z@dailymotion.com,Female,122.63.56.241
325,Dwayne,Van Arsdall,dvanarsdall90@mapquest.com,Genderfluid,218.103.210.162
326,Marleen,Melmar,mmelmar91@jiathis.com,Female,115.6.127.68
327,Kandace,Buggs,kbuggs92@google.com.au,Female,91.106.236.50
328,Rosanne,MacKean,rmackean93@facebook.com,Female,167.70.98.203
329,Lucias,Hinze,lhinze94@un.org,Male,41.5.150.94
330,Merv,Penrose,mpenrose95@plala.or.jp,Male,64.169.42.98
331,Herbie,Sperling,hsperling96@facebook.com,Male,6.66.0.250
332,Sheena,Allatt,sallatt97@example.com,Female,75.178.61.162
333,Elle,Stables,estables98@csmonitor.com,Female,20.11.38.82
334,Muffin,Brawson,mbrawson99@usatoday.com,Male,94.220.67.72
335,Gussy,Innocenti,ginnocenti9a@fc2.com,Female,246.147.246.136
336,Kane,Phlippi,kphlippi9b@clickbank.net,Male,180.102.132.122
337,Obed,McCrone,omccrone9c@dmoz.org,Male,113.65.46.65
338,Tabbatha,Hyndes,thyndes9d@sun.com,Female,192.176.125.131
339,Hamid,Garmanson,hgarmanson9e@storify.com,Male,53.173.48.3
340,Othilie,McFadzean,omcfadzean9f@wix.com,Female,14.69.212.206
341,Steffen,Dyke,sdyke9g@nationalgeographic.com,Male,184.160.224.54
342,Maxy,Jukubczak,mjukubczak9h@ox.ac.uk,Female,252.102.1.115
343,Merill,Theze,mtheze9i@whitehouse.gov,Male,248.244.195.114
344,Russell,Gerling,rgerling9j@about.com,Male,246.27.58.125
345,Arin,Windmill,awindmill9k@smh.com.au,Male,76.33.55.15
346,Vivien,Pepon,vpepon9l@mediafire.com,Female,161.110.204.161
347,Lacy,Eyers,leyers9m@weebly.com,Female,94.40.27.0
348,Abigail,Henken,ahenken9n@unicef.org,Female,241.88.120.180
349,Agata,Eakly,aeakly9o@facebook.com,Female,66.217.144.161
350,Talbot,Trigg,ttrigg9p@imdb.com,Male,157.158.25.57
351,Meade,Featley,mfeatley9q@liveinternet.ru,Male,24.174.122.251
352,Angelia,Stollenhof,astollenhof9r@free.fr,Female,194.175.125.149
353,Ardella,Norley,anorley9s@yahoo.co.jp,Female,43.160.229.179
354,Ophelia,Anderbrugge,oanderbrugge9t@cafepress.com,Female,134.215.108.119
355,Keri,Meech,kmeech9u@comcast.net,Female,228.61.89.151
356,Wat,McManamon,wmcmanamon9v@webnode.com,Male,190.118.168.122
357,Jozef,Gouly,jgouly9w@icio.us,Male,42.144.198.77
358,Kin,Harverson,kharverson9x@boston.com,Male,102.137.191.194
359,Cornelle,Euplate,ceuplate9y@xing.com,Female,14.196.86.144
360,Carree,Jeffray,cjeffray9z@shinystat.com,Female,180.11.2.88
361,Barty,Bennallck,bbennallcka0@reverbnation.com,Polygender,45.232.34.236
362,Cristina,Vanyard,cvanyarda1@amazon.co.uk,Female,171.22.163.216
363,Oberon,Jagiela,ojagielaa2@tripod.com,Male,192.111.217.133
364,Gina,Tremoulet,gtremouleta3@google.it,Female,56.14.166.241
365,Thorny,Bricksey,tbrickseya4@state.gov,Male,214.77.192.38
366,Jessee,Beminster,jbeminstera5@businessweek.com,Male,12.198.86.108
367,Scott,Culy,sculya6@ebay.com,Male,254.89.34.9
368,Brodie,Tomkins,btomkinsa7@aol.com,Male,54.221.9.120
369,Clair,Taffe,ctaffea8@yellowpages.com,Male,10.174.230.241
370,Waneta,Haps,whapsa9@nasa.gov,Genderqueer,99.255.156.135
371,Braden,Beckles,bbecklesaa@sitemeter.com,Genderfluid,139.143.117.4
372,Jefferey,Baylie,jbaylieab@desdev.cn,Male,161.139.108.9
373,Ricky,Wroath,rwroathac@ihg.com,Polygender,235.108.206.254
374,Lucila,Aronow,laronowad@abc.net.au,Female,121.99.50.244
375,Shanda,Heimann,sheimannae@ca.gov,Female,79.223.67.13
376,Lexine,Tuppeny,ltuppenyaf@paypal.com,Female,9.106.193.244
377,Cody,Antognetti,cantognettiag@pbs.org,Male,135.208.73.85
378,Virge,Pickton,vpicktonah@studiopress.com,Male,117.119.137.202
379,Jessie,Gurdon,jgurdonai@bbb.org,Male,200.197.109.179
380,Torrance,Osbaldstone,tosbaldstoneaj@wisc.edu,Male,240.57.194.186
381,Shauna,Weare,sweareak@de.vu,Female,129.168.141.134
382,Hedwig,Pates,hpatesal@artisteer.com,Female,2.120.61.130
383,Hillyer,McGenn,hmcgennam@amazonaws.com,Non-binary,213.165.62.201
384,Luis,Awcock,lawcockan@dion.ne.jp,Male,68.123.91.58
385,Brianna,Welman,bwelmanao@free.fr,Female,248.225.130.240
386,Meade,O'Kieran,mokieranap@aol.com,Female,124.211.87.192
387,Bertie,Beadon,bbeadonaq@homestead.com,Male,31.217.105.139
388,Debby,Woolford,dwoolfordar@buzzfeed.com,Non-binary,11.249.187.7
389,Tyson,Binfield,tbinfieldas@walmart.com,Male,202.131.160.234
390,Chic,Mechi,cmechiat@engadget.com,Male,138.53.246.189
391,Delphine,Silvers,dsilversau@sciencedaily.com,Female,26.7.113.40
392,Ebonee,Corter,ecorterav@theguardian.com,Bigender,20.226.2.16
393,Torie,Convery,tconveryaw@wisc.edu,Female,47.24.150.121
394,Chelsy,McWilliams,cmcwilliamsax@home.pl,Non-binary,221.32.157.151
395,Sianna,Craydon,scraydonay@smh.com.au,Female,182.15.255.220
396,Lou,Foxhall,lfoxhallaz@indiegogo.com,Female,61.51.165.255
397,Imojean,Edinboro,iedinborob0@washingtonpost.com,Female,100.122.148.55
398,Ashil,Gaunter,agaunterb1@nifty.com,Female,231.98.175.130
399,Mitch,Fosbraey,mfosbraeyb2@amazon.de,Male,146.34.104.18
400,Hershel,Sarchwell,hsarchwellb3@forbes.com,Male,170.4.141.119
401,Siana,Pigeon,spigeonb4@sciencedaily.com,Female,155.1.85.207
402,Lucian,Cuttles,lcuttlesb5@webs.com,Male,53.32.237.159
403,Millisent,Regis,mregisb6@imageshack.us,Female,202.18.99.117
404,Paulina,Saunders,psaundersb7@house.gov,Female,139.188.99.158
405,Flint,Kenworth,fkenworthb8@skyrock.com,Male,12.135.204.121
406,Davina,Braunes,dbraunesb9@engadget.com,Female,104.111.61.174
407,Murial,Kersaw,mkersawba@slashdot.org,Non-binary,90.31.43.118
408,Ceciley,Burnhill,cburnhillbb@taobao.com,Female,15.37.149.252
409,Maurizia,Bridger,mbridgerbc@clickbank.net,Bigender,229.74.23.59
410,Stafford,Simoens,ssimoensbd@360.cn,Male,47.34.75.197
411,Emylee,Leadstone,eleadstonebe@reverbnation.com,Female,159.148.178.224
412,Nataniel,Fullard,nfullardbf@g.co,Male,20.121.84.69
413,Roderich,McKinlay,rmckinlaybg@phoca.cz,Male,6.10.169.54
414,Caren,Speller,cspellerbh@cnn.com,Female,190.100.203.224
415,Estella,Kindleysides,ekindleysidesbi@example.com,Female,29.247.130.240
416,Brew,Friary,bfriarybj@time.com,Male,62.234.243.150
417,Rori,Topliss,rtoplissbk@bbc.co.uk,Female,110.225.200.17
418,Hamil,Venney,hvenneybl@tripadvisor.com,Male,199.29.1.102
419,Nicol,Povele,npovelebm@sogou.com,Male,159.214.162.128
420,Sarita,Llewellin,sllewellinbn@parallels.com,Genderfluid,59.140.52.7
421,Evelina,Geroldini,egeroldinibo@bloglovin.com,Female,6.74.59.171
422,Hiram,Lowsely,hlowselybp@ox.ac.uk,Male,97.79.118.242
423,Alexandr,Yakebovitch,ayakebovitchbq@pen.io,Male,124.104.84.169
424,Reinaldos,Bienvenu,rbienvenubr@com.com,Male,214.239.115.192
425,L;urette,Lepick,llepickbs@opera.com,Genderqueer,69.173.142.101
426,Redd,Jirek,rjirekbt@blogspot.com,Male,57.217.87.185
427,Abe,Tinline,atinlinebu@tuttocitta.it,Male,25.132.67.37
428,Barde,Benbow,bbenbowbv@reverbnation.com,Male,47.101.98.35
429,Petronia,Barkly,pbarklybw@state.tx.us,Female,3.206.15.79
430,Fayre,Cocking,fcockingbx@wunderground.com,Female,164.238.215.30
431,Yasmin,Rawlingson,yrawlingsonby@jugem.jp,Female,239.216.153.138
432,Pietrek,Napoleone,pnapoleonebz@ox.ac.uk,Male,167.193.116.245
433,Lydon,Peppard,lpeppardc0@scribd.com,Male,47.43.230.226
434,Dehlia,Dalley,ddalleyc1@tinyurl.com,Female,222.233.41.180
435,Kincaid,Esler,keslerc2@chron.com,Male,182.186.190.169
436,Neille,Winterbourne,nwinterbournec3@engadget.com,Female,126.162.190.49
437,Win,Phittiplace,wphittiplacec4@dailymotion.com,Polygender,146.178.17.171
438,Logan,Haysar,lhaysarc5@foxnews.com,Non-binary,23.43.188.223
439,Noell,Tesoe,ntesoec6@ucoz.com,Female,0.85.11.163
440,Karol,Nowaczyk,knowaczykc7@guardian.co.uk,Female,6.101.105.57
441,Ginnifer,Schimann,gschimannc8@nytimes.com,Genderfluid,160.173.28.33
442,Wheeler,Cowitz,wcowitzc9@eepurl.com,Male,215.82.196.65
443,Gloriana,Hablot,ghablotca@wiley.com,Female,194.188.178.104
444,Maud,Cuerdall,mcuerdallcb@princeton.edu,Female,221.75.70.125
445,Aeriell,Pley,apleycc@rambler.ru,Female,146.117.179.51
446,Asia,Balle,aballecd@rediff.com,Female,41.108.139.186
447,Maxie,Pacitti,mpacittice@quantcast.com,Female,168.53.36.230
448,Eugenius,Bohling,ebohlingcf@msu.edu,Male,110.4.91.146
449,Orlan,Lattimore,olattimorecg@pbs.org,Male,15.176.86.161
450,Sharai,Klimkov,sklimkovch@microsoft.com,Female,113.63.190.198
451,Jens,Eke,jekeci@canalblog.com,Genderfluid,208.68.96.136
452,Reta,Coverdill,rcoverdillcj@1und1.de,Female,25.43.150.112
453,Larine,Mohammed,lmohammedck@flickr.com,Female,217.141.209.122
454,Deck,Rubrow,drubrowcl@gnu.org,Male,115.153.106.9
455,Chase,Janowski,cjanowskicm@gmpg.org,Male,244.215.96.172
456,Antonietta,Sibbit,asibbitcn@bigcartel.com,Female,85.223.211.104
457,Myrna,Haggett,mhaggettco@discuz.net,Female,20.236.191.35
458,Kain,Gorry,kgorrycp@digg.com,Male,235.251.175.93
459,Grady,Alderwick,galderwickcq@naver.com,Male,11.77.19.200
460,Jesse,Hoodspeth,jhoodspethcr@google.fr,Male,18.64.248.191
461,Giorgia,Cronkshaw,gcronkshawcs@irs.gov,Female,178.194.224.32
462,Kareem,Olander,kolanderct@paypal.com,Male,44.168.213.202
463,Perkin,Toun,ptouncu@theguardian.com,Male,202.4.73.146
464,Raviv,Gold,rgoldcv@baidu.com,Male,124.36.56.185
465,Carney,Paffitt,cpaffittcw@shareasale.com,Male,214.211.64.110
466,Kearney,Weddeburn - Scrimgeour,kweddeburnscrimgeourcx@globo.com,Male,244.69.61.224
467,Theressa,Crunkhorn,tcrunkhorncy@reddit.com,Genderfluid,48.62.112.152
468,Ramsey,Gudgeon,rgudgeoncz@youtu.be,Male,128.107.49.6
469,Lise,Dorwood,ldorwoodd0@dailymail.co.uk,Female,44.101.23.208
470,Sula,Levi,slevid1@newsvine.com,Female,10.58.75.225
471,Cullan,McKimm,cmckimmd2@naver.com,Agender,220.101.11.27
472,Brynne,Vinau,bvinaud3@cbc.ca,Female,20.1.141.223
473,Queenie,Morales,qmoralesd4@mozilla.com,Female,54.238.93.6
474,Darius,Bein,dbeind5@jalbum.net,Male,63.58.67.3
475,Normand,Waind,nwaindd6@epa.gov,Male,206.234.45.249
476,Natalie,Pimerick,npimerickd7@meetup.com,Female,46.163.0.168
477,Philly,Havill,phavilld8@amazon.de,Female,154.16.147.189
478,Towney,Pinchbeck,tpinchbeckd9@indiatimes.com,Male,187.135.226.180
479,Laird,Estcot,lestcotda@ameblo.jp,Male,5.10.33.44
480,Andonis,Yakubov,ayakubovdb@wp.com,Male,85.83.42.61
481,Zebulen,Albrook,zalbrookdc@amazonaws.com,Male,69.189.77.162
482,Ali,Danilyuk,adanilyukdd@skyrock.com,Male,208.95.40.147
483,Eliza,Trass,etrassde@opera.com,Female,147.109.211.101
484,Delphine,Cutriss,dcutrissdf@ucoz.ru,Female,188.201.96.196
485,Cindee,Rundall,crundalldg@skyrock.com,Female,149.238.186.223
486,Dulcy,Rickertsen,drickertsendh@free.fr,Female,93.67.160.207
487,Ruthi,Olyff,rolyffdi@dot.gov,Bigender,120.242.31.57
488,Levy,McCrossan,lmccrossandj@elegantthemes.com,Male,147.13.110.234
489,Currey,Viner,cvinerdk@google.fr,Male,79.163.0.155
490,Quinta,O'Halligan,qohalligandl@cam.ac.uk,Female,249.50.172.246
491,Sharline,Jantzen,sjantzendm@parallels.com,Female,252.78.224.179
492,Jonathon,Brandi,jbrandidn@patch.com,Male,11.49.47.116
493,Magnum,Brookes,mbrookesdo@mediafire.com,Male,248.37.26.210
494,Prescott,Sussams,psussamsdp@surveymonkey.com,Male,196.60.183.124
495,Penn,Chinnock,pchinnockdq@edublogs.org,Male,165.232.120.120
496,Lenora,Sprowell,lsprowelldr@techcrunch.com,Female,149.65.56.85
497,Sky,Fernie,sfernieds@symantec.com,Male,135.119.205.151
498,Amandie,Loxton,aloxtondt@scientificamerican.com,Bigender,160.97.6.82
499,Harlin,Pinkie,hpinkiedu@tiny.cc,Male,10.197.165.156
500,Madella,Crosher,mcrosherdv@usgs.gov,Female,105.85.90.244
501,Gualterio,Paulsen,gpaulsendw@tumblr.com,Male,20.121.0.85
502,Dallas,Welburn,dwelburndx@slate.com,Male,248.126.33.200
503,Gavan,Aspole,gaspoledy@walmart.com,Male,92.51.5.93
504,Neile,Bartel,nbarteldz@businessinsider.com,Female,202.37.122.104
505,Vincents,Marlin,vmarline0@nasa.gov,Male,64.156.1.32
506,Maurise,Ridsdale,mridsdalee1@google.co.uk,Male,147.45.45.31
507,Yvette,Morfey,ymorfeye2@zimbio.com,Female,6.182.181.189
508,Alasteir,MacDougal,amacdougale3@nps.gov,Male,202.150.182.43
509,Randie,Dannett,rdannette4@salon.com,Male,234.89.232.12
510,Emmalynne,Palethorpe,epalethorpee5@sfgate.com,Female,15.65.243.114
511,Elita,Rothwell,erothwelle6@geocities.com,Bigender,166.127.1.229
512,Merralee,Peasegood,mpeasegoode7@utexas.edu,Female,114.232.205.233
513,Whitney,Isaacson,wisaacsone8@diigo.com,Female,202.193.82.104
514,Kacy,Pavlenkov,kpavlenkove9@ow.ly,Female,235.72.209.96
515,Skippie,Grollmann,sgrollmannea@icq.com,Male,200.152.35.55
516,Jaimie,Goney,jgoneyeb@etsy.com,Male,29.190.232.138
517,Judie,Gligorijevic,jgligorijevicec@mediafire.com,Female,194.220.247.147
518,Reid,Lindemann,rlindemanned@zdnet.com,Male,53.184.140.206
519,Tomasina,Moralas,tmoralasee@answers.com,Female,117.185.37.59
520,Lacey,Audibert,laudibertef@hhs.gov,Female,167.57.33.208
521,Thedrick,Marfe,tmarfeeg@upenn.edu,Male,169.78.114.220
522,Daphene,Cortese,dcorteseeh@istockphoto.com,Female,113.56.109.177
523,Tabina,Aries,tariesei@si.edu,Female,108.216.93.127
524,Danya,Olesen,dolesenej@microsoft.com,Male,183.75.107.18
525,Theodore,Postans,tpostansek@google.com.hk,Male,181.50.32.113
526,Pearce,Daid,pdaidel@arizona.edu,Male,222.145.115.165
527,Bron,Pentlow,bpentlowem@boston.com,Male,244.168.168.197
528,Xever,Owlner,xowlneren@mit.edu,Bigender,138.97.106.150
529,Maia,Crevagh,mcrevagheo@yellowbook.com,Female,143.242.91.14
530,Gustaf,Brownsey,gbrownseyep@miitbeian.gov.cn,Male,81.110.255.221
531,Welbie,Decourt,wdecourteq@microsoft.com,Male,13.167.54.200
532,Noll,L'argent,nlargenter@mayoclinic.com,Male,178.109.156.92
533,Ilysa,Fawson,ifawsones@tinyurl.com,Female,73.113.136.24
534,Roanna,Abthorpe,rabthorpeet@blogs.com,Female,48.203.126.117
535,Humberto,Prys,hpryseu@so-net.ne.jp,Male,203.195.67.47
536,Mike,De Courtney,mdecourtneyev@twitter.com,Male,242.131.157.19
537,Aldin,Corfield,acorfieldew@shutterfly.com,Male,164.248.37.146
538,Gregoor,Misselbrook,gmisselbrookex@is.gd,Male,100.56.27.137
539,Noe,Lammiman,nlammimaney@hexun.com,Male,239.189.252.38
540,Cordie,Selly,csellyez@delicious.com,Female,226.237.188.192
541,Jasen,Orth,jorthf0@cmu.edu,Male,164.56.143.112
542,Bale,Frankcombe,bfrankcombef1@feedburner.com,Male,191.225.131.5
543,Tiphany,Farthing,tfarthingf2@youtu.be,Female,241.93.174.170
544,Selie,Giorgi,sgiorgif3@flickr.com,Female,21.2.87.51
545,Egon,Bach,ebachf4@trellian.com,Agender,19.76.191.31
546,Malcolm,Saddleton,msaddletonf5@earthlink.net,Male,54.0.241.137
547,Codi,Yashunin,cyashuninf6@nifty.com,Male,104.141.206.187
548,Araldo,Kovacs,akovacsf7@drupal.org,Male,244.220.214.51
549,Marquita,Camings,mcamingsf8@china.com.cn,Female,167.185.9.218
550,Roseanna,Merriman,rmerrimanf9@harvard.edu,Female,26.152.190.167
551,Averil,Nudds,anuddsfa@cisco.com,Male,178.178.116.134
552,Mychal,Daleman,mdalemanfb@wiley.com,Male,218.138.83.32
553,Inga,Ramelet,irameletfc@mlb.com,Female,255.230.44.126
554,Jimmie,Mangin,jmanginfd@marriott.com,Male,165.137.69.73
555,Lavinie,Underdown,lunderdownfe@booking.com,Female,197.177.92.40
556,Baird,Ingold,bingoldff@wikia.com,Male,61.87.154.228
557,Gwendolen,Kyles,gkylesfg@csmonitor.com,Female,217.3.217.71
558,Adena,Lodford,alodfordfh@behance.net,Bigender,174.132.121.165
559,Dion,Ryan,dryanfi@reference.com,Male,21.42.122.3
560,Caldwell,Pettegree,cpettegreefj@domainmarket.com,Male,226.64.97.188
561,Feliza,Delve,fdelvefk@wikispaces.com,Female,5.62.174.173
562,Penni,Bellows,pbellowsfl@ow.ly,Female,127.157.154.87
563,Karena,Penley,kpenleyfm@chronoengine.com,Female,224.20.88.125
564,Pansie,Gellert,pgellertfn@jalbum.net,Non-binary,22.193.100.147
565,Kalli,Genese,kgenesefo@fda.gov,Female,148.55.10.254
566,Alecia,Colcutt,acolcuttfp@java.com,Female,182.194.38.223
567,Mala,Fowkes,mfowkesfq@desdev.cn,Female,188.180.209.1
568,Antony,Leveret,aleveretfr@gravatar.com,Male,119.191.116.24
569,Raynor,Darrigrand,rdarrigrandfs@oracle.com,Male,53.224.152.57
570,Faustina,Halton,fhaltonft@nps.gov,Female,182.45.161.250
571,Sayer,Jeannot,sjeannotfu@newsvine.com,Male,148.236.243.240
572,Erica,Leadstone,eleadstonefv@walmart.com,Female,168.187.21.14
573,Erskine,Banting,ebantingfw@multiply.com,Male,225.82.62.146
574,Miranda,Petasch,mpetaschfx@ucoz.com,Female,152.141.6.179
575,Jerald,Kibbel,jkibbelfy@umn.edu,Male,192.43.122.36
576,Antons,Wake,awakefz@time.com,Male,32.28.60.82
577,Archer,Baudinelli,abaudinellig0@berkeley.edu,Male,66.37.48.74
578,Aloysius,Dreinan,adreinang1@ning.com,Male,80.42.72.133
579,Eliot,Kupper,ekupperg2@networkadvertising.org,Male,0.56.232.201
580,Hurlee,Twinberrow,htwinberrowg3@cocolog-nifty.com,Male,160.201.31.215
581,Shea,Hazelton,shazeltong4@soup.io,Non-binary,181.204.80.36
582,Cinda,Curtin,ccurting5@paginegialle.it,Female,43.63.36.120
583,Nicky,Northeast,nnortheastg6@i2i.jp,Male,111.161.27.32
584,Urban,Sansum,usansumg7@utexas.edu,Male,17.255.58.17
585,Angelo,Braisby,abraisbyg8@sogou.com,Non-binary,5.177.165.25
586,Terencio,Dungay,tdungayg9@weebly.com,Male,184.1.245.86
587,Reena,Whight,rwhightga@ucoz.com,Female,186.108.51.74
588,Verge,Bushell,vbushellgb@bing.com,Male,188.154.142.194
589,Selle,McMychem,smcmychemgc@scientificamerican.com,Female,148.186.214.108
590,Filide,Collingridge,fcollingridgegd@purevolume.com,Female,220.230.225.113
591,Garrett,Krolik,gkrolikge@studiopress.com,Bigender,231.77.236.19
592,Annetta,Recke,areckegf@domainmarket.com,Female,244.121.83.192
593,Shel,Bezzant,sbezzantgg@theatlantic.com,Agender,115.77.55.220
594,Alexandra,Van Vuuren,avanvuurengh@icq.com,Female,126.207.145.224
595,Desi,Muirhead,dmuirheadgi@gravatar.com,Male,17.37.45.42
596,Jesus,Jailler,jjaillergj@unblog.fr,Genderfluid,168.103.90.94
597,Aindrea,Strick,astrickgk@latimes.com,Female,140.156.50.200
598,Melisenda,Rootham,mroothamgl@theguardian.com,Polygender,42.231.104.37
599,Luis,Verna,lvernagm@bloglines.com,Male,189.187.204.165
600,Arleen,Mellanby,amellanbygn@blogger.com,Female,41.67.23.183
601,Kassandra,Maxted,kmaxtedgo@admin.ch,Female,135.203.22.30
602,Joanne,Lubomirski,jlubomirskigp@sogou.com,Female,243.224.18.175
603,Saw,Ebbles,sebblesgq@woothemes.com,Male,149.216.131.227
604,Olivette,Buske,obuskegr@google.ca,Female,52.239.173.4
605,Isidor,Spilsted,ispilstedgs@mysql.com,Male,140.48.165.1
606,Fremont,Beatens,fbeatensgt@techcrunch.com,Male,140.0.190.187
607,Yvon,Maberley,ymaberleygu@altervista.org,Male,9.210.74.184
608,Tedda,Frankis,tfrankisgv@soundcloud.com,Female,92.47.178.127
609,Carolann,Plait,cplaitgw@state.gov,Female,220.75.99.149
610,Marnie,Borell,mborellgx@histats.com,Female,59.177.170.30
611,El,Drayson,edraysongy@hp.com,Male,155.105.236.237
612,Anneliese,Leather,aleathergz@unicef.org,Female,181.87.29.205
613,Gratiana,Binns,gbinnsh0@bluehost.com,Female,225.168.57.123
614,Bessy,Mularkey,bmularkeyh1@oracle.com,Female,166.154.212.109
615,Celestia,Tomowicz,ctomowiczh2@clickbank.net,Female,198.103.136.117
616,Bobbye,Labrum,blabrumh3@dropbox.com,Female,143.123.151.174
617,Willy,Wiltsher,wwiltsherh4@moonfruit.com,Male,139.112.145.217
618,Alessandro,Hinzer,ahinzerh5@istockphoto.com,Male,137.127.118.201
619,Ediva,Wyeld,ewyeldh6@marketwatch.com,Female,70.119.29.255
620,Mitchael,Mapam,mmapamh7@barnesandnoble.com,Male,207.36.78.192
621,Nerte,Sommer,nsommerh8@state.gov,Agender,106.218.181.105
622,Dukey,Couzens,dcouzensh9@scientificamerican.com,Male,103.15.11.186
623,Myrah,Freddi,mfreddiha@163.com,Female,89.162.29.119
624,Dillon,Fishleigh,dfishleighhb@google.com.au,Male,65.224.150.44
625,Beret,Matuschek,bmatuschekhc@dailymotion.com,Female,219.43.239.97
626,Irvin,Tesche,iteschehd@smugmug.com,Male,66.238.171.235
627,Gunter,Bracchi,gbracchihe@chicagotribune.com,Male,204.190.216.17
628,Randy,Tattam,rtattamhf@1und1.de,Male,238.215.152.56
629,Lemmie,Fleckness,lflecknesshg@weibo.com,Male,144.115.195.183
630,Dode,Crumley,dcrumleyhh@marketwatch.com,Female,235.199.196.14
631,Sheena,Rorke,srorkehi@comsenz.com,Female,122.139.33.195
632,Latia,Oswald,loswaldhj@alibaba.com,Female,66.78.80.254
633,Teena,Keays,tkeayshk@weebly.com,Female,233.248.159.54
634,Jarrett,Bartholomieu,jbartholomieuhl@ustream.tv,Bigender,241.82.178.138
635,Leon,Kneeland,lkneelandhm@bloglovin.com,Male,127.164.172.171
636,Ophelia,Snel,osnelhn@oakley.com,Female,145.103.134.116
637,Cathyleen,Bortolozzi,cbortolozziho@fda.gov,Female,18.108.181.223
638,Debora,Blundel,dblundelhp@barnesandnoble.com,Female,38.185.78.218
639,Cordelia,Riddiough,criddioughhq@smugmug.com,Female,70.246.25.202
640,Shepard,Brompton,sbromptonhr@aboutads.info,Male,131.106.39.212
641,Ivonne,Jostan,ijostanhs@harvard.edu,Female,195.241.24.34
642,Pippo,Lockley,plockleyht@yellowbook.com,Male,80.210.207.155
643,Candi,Scotford,cscotfordhu@java.com,Female,171.157.2.141
644,Cherish,Guidetti,cguidettihv@ezinearticles.com,Female,221.87.122.236
645,Margarette,Barrasse,mbarrassehw@mashable.com,Female,125.73.153.20
646,Othelia,Rogger,oroggerhx@elpais.com,Female,153.86.234.250
647,Cora,Redhills,credhillshy@marriott.com,Female,62.138.104.135
648,Bettye,Filippov,bfilippovhz@hhs.gov,Female,235.100.155.43
649,Gauthier,Aldridge,galdridgei0@mozilla.org,Male,182.146.240.36
650,Georgie,Borles,gborlesi1@cdc.gov,Female,17.69.214.93
651,Nahum,Meletti,nmelettii2@plala.or.jp,Male,23.186.117.237
652,Augustine,Wann,awanni3@over-blog.com,Non-binary,185.165.240.163
653,Vevay,Ricciardiello,vricciardielloi4@meetup.com,Female,204.35.85.251
654,Isa,Beckerleg,ibeckerlegi5@studiopress.com,Male,87.187.149.165
655,Parnell,Cruickshanks,pcruickshanksi6@elegantthemes.com,Male,225.1.219.70
656,Merv,Creamer,mcreameri7@psu.edu,Male,170.171.126.36
657,Hillel,Angrock,hangrocki8@xrea.com,Male,236.97.16.213
658,Lucho,Frankland,lfranklandi9@gmpg.org,Male,63.31.122.101
659,Abbi,Cantwell,acantwellia@360.cn,Female,171.7.143.5
660,Millisent,Paiton,mpaitonib@moonfruit.com,Female,250.57.213.157
661,Elfrieda,Skudder,eskudderic@angelfire.com,Female,138.77.112.209
662,Hannis,Robers,hrobersid@alibaba.com,Female,134.203.166.21
663,Nessi,Dingle,ndingleie@yahoo.co.jp,Female,217.156.52.234
664,Estrellita,Sawl,esawlif@cisco.com,Female,134.136.63.35
665,Allyn,Breeder,abreederig@printfriendly.com,Female,205.19.153.232
666,Alecia,Bowman,abowmanih@comcast.net,Agender,232.235.177.29
667,Dorene,Spottiswoode,dspottiswoodeii@hao123.com,Female,255.97.85.82
668,Linoel,Varran,lvarranij@marriott.com,Male,54.143.233.80
669,Fae,Blackleech,fblackleechik@blogspot.com,Female,62.137.229.40
670,Jena,Dallewater,jdallewateril@wufoo.com,Polygender,210.33.241.43
671,Genia,Paireman,gpairemanim@ucoz.ru,Female,47.212.17.8
672,Milicent,Pitcaithley,mpitcaithleyin@vistaprint.com,Female,79.68.240.87
673,Jacqui,Skowcraft,jskowcraftio@umich.edu,Female,81.92.184.195
674,Salomone,Arboine,sarboineip@diigo.com,Male,101.29.172.164
675,Maisey,Fridaye,mfridayeiq@rediff.com,Female,195.248.125.251
676,De,Merkel,dmerkelir@theguardian.com,Female,213.1.133.126
677,Em,Slinger,eslingeris@virginia.edu,Male,41.180.55.116
678,Jacqui,Kain,jkainit@about.me,Female,162.159.185.199
679,Gilberta,Briddock,gbriddockiu@usa.gov,Female,139.168.165.163
680,Siobhan,Lamb,slambiv@aboutads.info,Genderqueer,241.157.234.132
681,Christal,Chubb,cchubbiw@vinaora.com,Female,168.233.245.35
682,Corbin,Orridge,corridgeix@creativecommons.org,Male,240.202.50.144
683,Teddy,Coysh,tcoyshiy@ted.com,Male,174.125.49.139
684,Kinnie,Kardos-Stowe,kkardosstoweiz@github.com,Male,22.35.26.207
685,Barbi,Nelthorp,bnelthorpj0@ustream.tv,Female,65.115.226.240
686,Xever,Seckington,xseckingtonj1@ebay.com,Non-binary,35.127.123.178
687,Emmanuel,Latchmore,elatchmorej2@bbb.org,Male,95.11.80.87
688,Care,Keig,ckeigj3@ask.com,Male,67.197.34.58
689,Carolyn,Reeday,creedayj4@umn.edu,Non-binary,247.234.85.72
690,Jerrold,Stuttard,jstuttardj5@xinhuanet.com,Male,92.242.196.134
691,Licha,Hatley,lhatleyj6@arizona.edu,Female,172.219.41.39
692,Mortimer,McNeill,mmcneillj7@yandex.ru,Male,156.151.26.239
693,Lonna,Knighton,lknightonj8@cocolog-nifty.com,Genderqueer,246.85.123.11
694,Forester,Lauderdale,flauderdalej9@psu.edu,Agender,70.99.232.134
695,Marianna,Patching,mpatchingja@adobe.com,Female,26.186.248.34
696,Ole,Chazelas,ochazelasjb@xing.com,Male,105.83.243.30
697,Niels,Lindeboom,nlindeboomjc@admin.ch,Male,199.104.211.34
698,Ravid,Oxbrow,roxbrowjd@storify.com,Male,120.107.127.6
699,Nester,Doulden,ndouldenje@fda.gov,Male,12.36.150.237
700,Ahmed,Lamprecht,alamprechtjf@yellowpages.com,Male,31.103.209.1
701,Allene,Gainforth,againforthjg@ocn.ne.jp,Female,48.74.233.102
702,Rosco,Draco,rdracojh@webnode.com,Male,80.127.100.128
703,Ches,Ciric,cciricji@tripod.com,Male,23.207.53.212
704,Francois,Pengelley,fpengelleyjj@wufoo.com,Male,241.86.89.94
705,Colene,Bourley,cbourleyjk@marketwatch.com,Female,175.161.168.253
706,Rodolph,Goade,rgoadejl@netscape.com,Polygender,101.85.132.196
707,Barbabra,Follows,bfollowsjm@w3.org,Female,193.184.240.59
708,Merrilee,Ligertwood,mligertwoodjn@prlog.org,Female,234.54.38.145
709,Flossie,Hardiman,fhardimanjo@un.org,Female,208.89.12.36
710,Coop,Capes,ccapesjp@earthlink.net,Male,40.194.209.199
711,Dorolisa,Malcolm,dmalcolmjq@paginegialle.it,Female,4.87.140.225
712,Broderic,Esseby,bessebyjr@jugem.jp,Male,234.138.184.167
713,Celia,Domanski,cdomanskijs@desdev.cn,Female,83.211.45.79
714,Imogen,Winser,iwinserjt@businessweek.com,Female,62.251.31.172
715,Annmaria,Pren,aprenju@npr.org,Female,151.102.214.28
716,Kelsey,Smetoun,ksmetounjv@google.co.uk,Male,217.247.181.67
717,Pablo,Waber,pwaberjw@hao123.com,Male,65.79.208.92
718,Barry,Heckle,bhecklejx@ocn.ne.jp,Female,247.146.154.116
719,Berty,Vezey,bvezeyjy@networksolutions.com,Female,251.37.44.189
720,Peggy,Tuxell,ptuxelljz@ow.ly,Female,242.86.246.239
721,Dalia,Cawte,dcawtek0@europa.eu,Female,132.37.168.44
722,Bordie,Spickett,bspickettk1@gov.uk,Male,58.203.42.135
723,Rory,Antliff,rantliffk2@purevolume.com,Male,9.155.160.196
724,Phillip,Calbrathe,pcalbrathek3@cnn.com,Male,64.72.75.72
725,Audrye,Birchenhead,abirchenheadk4@usda.gov,Female,186.245.223.253
726,Bartel,Duligall,bduligallk5@cargocollective.com,Male,20.89.187.102
727,Olenolin,Bradbrook,obradbrookk6@dropbox.com,Male,207.164.153.237
728,Henry,Filippazzo,hfilippazzok7@joomla.org,Male,125.9.166.38
729,Ashleigh,Flatt,aflattk8@weebly.com,Female,221.228.104.128
730,Clayborne,Newens,cnewensk9@skyrock.com,Male,239.7.86.102
731,Meriel,MacKonochie,mmackonochieka@telegraph.co.uk,Female,77.124.13.68
732,Hadlee,Terrelly,hterrellykb@comcast.net,Male,240.79.220.61
733,Ange,Trayhorn,atrayhornkc@canalblog.com,Male,193.48.216.9
734,Ferdie,Tern,fternkd@163.com,Male,87.196.49.59
735,Mora,Judkin,mjudkinke@zdnet.com,Female,151.248.118.206
736,Virgie,Boyson,vboysonkf@wordpress.org,Male,167.233.102.20
737,Norman,Frotton,nfrottonkg@dedecms.com,Male,114.108.14.141
738,Davy,Leather,dleatherkh@disqus.com,Male,204.223.99.46
739,Townie,Waddup,twaddupki@wordpress.com,Male,99.38.231.248
740,Sula,Dhenin,sdheninkj@cdc.gov,Female,104.234.93.50
741,Luis,Perryn,lperrynkk@fastcompany.com,Agender,229.174.67.50
742,Neddie,Osanne,nosannekl@google.ca,Male,179.226.69.121
743,Lyndsay,Youens,lyouenskm@shinystat.com,Female,229.150.8.173
744,Cosme,Urien,curienkn@auda.org.au,Male,167.25.116.144
745,Gertrudis,Milborn,gmilbornko@google.co.jp,Female,83.174.146.23
746,Lois,Farquharson,lfarquharsonkp@histats.com,Female,196.216.25.170
747,Heidie,MacMeekan,hmacmeekankq@yolasite.com,Female,177.150.242.251
748,Osmund,Readwin,oreadwinkr@nih.gov,Male,135.170.114.98
749,Rosalyn,Tack,rtackks@usatoday.com,Female,164.131.223.196
750,Maritsa,Bernard,mbernardkt@house.gov,Female,69.202.3.0
751,Marne,Guinan,mguinanku@technorati.com,Female,62.166.226.111
752,Sada,Batalini,sbatalinikv@friendfeed.com,Female,144.71.45.87
753,Norry,Boulds,nbouldskw@github.com,Male,16.40.28.195
754,Cordy,Raiston,craistonkx@wisc.edu,Male,178.86.72.57
755,Nathanil,Scourfield,nscourfieldky@1688.com,Male,131.94.16.114
756,Burlie,Robinet,brobinetkz@hostgator.com,Male,28.104.13.248
757,Eldin,Tutchings,etutchingsl0@buzzfeed.com,Male,82.83.117.72
758,Arlan,Hoovart,ahoovartl1@opensource.org,Male,233.53.144.145
759,Madlin,MacCostigan,mmaccostiganl2@cbc.ca,Female,212.132.109.24
760,Iormina,Morgans,imorgansl3@163.com,Female,160.102.252.162
761,Templeton,Bracknall,tbracknalll4@engadget.com,Genderqueer,188.203.95.109
762,Theodoric,Krook,tkrookl5@stumbleupon.com,Male,142.54.40.233
763,Perry,Seger,psegerl6@bloglovin.com,Female,225.114.164.236
764,Sallyann,Martin,smartinl7@imageshack.us,Female,80.119.168.66
765,Jessee,Trengrouse,jtrengrousel8@alexa.com,Male,210.84.54.189
766,Cora,Mandal,cmandall9@hhs.gov,Female,16.127.87.202
767,Yettie,Carver,ycarverla@eventbrite.com,Female,233.90.27.118
768,Dana,Sawart,dsawartlb@economist.com,Male,207.51.60.10
769,Dene,Ferrai,dferrailc@samsung.com,Non-binary,0.29.253.12
770,Tripp,McGonagle,tmcgonagleld@etsy.com,Male,238.148.192.158
771,Skip,Clem,sclemle@taobao.com,Male,169.121.249.36
772,Petronia,Sichardt,psichardtlf@geocities.com,Female,96.128.2.151
773,Minnie,Palphreyman,mpalphreymanlg@dailymotion.com,Female,205.4.147.15
774,Heywood,Sedman,hsedmanlh@wisc.edu,Male,88.126.118.104
775,Joey,Eddy,jeddyli@hexun.com,Male,188.232.1.212
776,Doralynne,Okie,dokielj@1688.com,Female,105.29.53.9
777,Madonna,Heineke,mheinekelk@desdev.cn,Female,165.185.148.115
778,Domenico,Kalb,dkalbll@ucoz.com,Male,21.249.123.72
779,Colman,D'Acth,cdacthlm@taobao.com,Male,35.148.23.69
780,Sergeant,Flewan,sflewanln@wordpress.com,Male,24.104.166.140
781,Maritsa,Barstow,mbarstowlo@discovery.com,Female,61.191.14.53
782,Elvira,Laverack,elaveracklp@dmoz.org,Female,56.214.25.10
783,Thaddeus,Maccari,tmaccarilq@wikipedia.org,Male,17.190.93.16
784,Bernard,Braund,bbraundlr@home.pl,Male,57.102.97.91
785,Chane,Raper,craperls@senate.gov,Male,11.22.107.104
786,Dehlia,Snodin,dsnodinlt@cbslocal.com,Female,78.246.5.164
787,Morgun,Culbert,mculbertlu@pagesperso-orange.fr,Male,211.229.124.92
788,Penni,Walburn,pwalburnlv@instagram.com,Female,49.214.92.138
789,Jameson,O'Hegertie,johegertielw@sun.com,Male,70.155.245.34
790,Don,Lovejoy,dlovejoylx@dmoz.org,Male,15.204.32.253
791,Hy,Took,htookly@ucla.edu,Male,152.115.80.4
792,Minni,Farres,mfarreslz@multiply.com,Female,144.216.77.110
793,Ham,Charles,hcharlesm0@booking.com,Male,33.162.59.244
794,Cristie,Loan,cloanm1@soup.io,Female,61.41.247.83
795,Antonie,Dysart,adysartm2@alexa.com,Female,76.50.246.118
796,Sascha,Traviss,stravissm3@samsung.com,Male,211.149.2.138
797,Cirstoforo,Kimmel,ckimmelm4@blogspot.com,Male,112.184.162.172
798,Zerk,Wenderoth,zwenderothm5@wikipedia.org,Male,57.107.116.90
799,Aldo,Chessun,achessunm6@patch.com,Male,134.54.32.22
800,Erskine,Bastie,ebastiem7@admin.ch,Male,203.156.103.191
801,Sharon,Heinsh,sheinshm8@msn.com,Female,76.103.5.66
802,Pascale,Thackwray,pthackwraym9@europa.eu,Male,245.186.241.63
803,Tobie,Lemmertz,tlemmertzma@hugedomains.com,Male,244.90.236.50
804,Dulcine,Bardwall,dbardwallmb@miitbeian.gov.cn,Female,208.238.117.169
805,Van,Lawleff,vlawleffmc@ucoz.ru,Male,130.189.139.8
806,Roger,Carlens,rcarlensmd@icq.com,Male,89.160.248.66
807,Sibbie,Matashkin,smatashkinme@nba.com,Female,205.27.165.243
808,Abran,Joron,ajoronmf@theglobeandmail.com,Male,161.1.41.112
809,Arri,Montacute,amontacutemg@earthlink.net,Male,177.30.194.223
810,Diannne,Lundberg,dlundbergmh@elegantthemes.com,Female,173.139.215.27
811,Georgia,Gettins,ggettinsmi@dailymotion.com,Female,186.117.54.136
812,Brigitta,Beddoe,bbeddoemj@homestead.com,Bigender,115.39.207.6
813,Webb,Vardon,wvardonmk@tumblr.com,Male,16.7.190.51
814,Tadd,Blackaller,tblackallerml@state.gov,Male,100.162.202.240
815,Kipp,Paraman,kparamanmm@google.com.au,Male,24.249.184.103
816,Arturo,Gudyer,agudyermn@lycos.com,Male,230.175.247.132
817,Carry,Dillicate,cdillicatemo@google.co.jp,Female,156.145.220.186
818,Steven,Careswell,scareswellmp@google.com.br,Male,244.235.134.166
819,Saree,Caruth,scaruthmq@fema.gov,Female,197.127.148.57
820,Sherlock,Shildrake,sshildrakemr@bizjournals.com,Male,150.246.96.158
821,Lia,Cartmill,lcartmillms@mapquest.com,Female,139.57.78.16
822,Brina,Vedyaev,bvedyaevmt@livejournal.com,Female,188.194.86.163
823,Fiorenze,Northage,fnorthagemu@disqus.com,Female,34.225.203.243
824,Jerrine,Gilsthorpe,jgilsthorpemv@reference.com,Female,64.144.189.75
825,Bobby,Hattoe,bhattoemw@gravatar.com,Male,86.118.191.39
826,Caterina,Elgar,celgarmx@vinaora.com,Female,200.189.80.201
827,Yancy,Scollick,yscollickmy@sitemeter.com,Male,47.146.96.12
828,Tatiana,Galland,tgallandmz@technorati.com,Genderfluid,15.215.141.185
829,Corena,Rosencwaig,crosencwaign0@barnesandnoble.com,Female,141.47.41.166
830,Yalonda,Bricket,ybricketn1@dailymotion.com,Female,102.71.180.17
831,Neely,Mead,nmeadn2@joomla.org,Female,113.7.211.205
832,Shirlee,Clackers,sclackersn3@illinois.edu,Female,83.26.197.220
833,Cassey,Dannatt,cdannattn4@devhub.com,Female,81.119.254.66
834,Gabbie,Musso,gmusson5@fotki.com,Male,159.12.152.103
835,Eleanora,Nawton,enawtonn6@dailymail.co.uk,Female,161.168.82.88
836,Lambert,Whitwood,lwhitwoodn7@cbsnews.com,Male,72.73.177.187
837,Berkeley,Whitsun,bwhitsunn8@cbsnews.com,Male,192.44.188.49
838,Sonja,Whimp,swhimpn9@columbia.edu,Female,49.176.138.90
839,Nels,Eglinton,neglintonna@pinterest.com,Male,34.220.40.51
840,Megan,MacNamee,mmacnameenb@gov.uk,Non-binary,106.211.147.4
841,Patsy,Dawidowsky,pdawidowskync@ehow.com,Female,144.167.125.80
842,Gerard,Rollason,grollasonnd@ifeng.com,Genderqueer,190.156.135.11
843,Chucho,Downie,cdowniene@weather.com,Male,105.172.45.135
844,Wesley,Fowden,wfowdennf@seesaa.net,Male,218.107.226.11
845,Aubry,Maureen,amaureenng@homestead.com,Female,212.181.2.116
846,Raimondo,Pawnsford,rpawnsfordnh@tinyurl.com,Male,186.86.247.13
847,Harv,Bradd,hbraddni@yellowbook.com,Male,207.42.133.47
848,Emmalee,Dooley,edooleynj@comcast.net,Female,44.102.153.115
849,Kristine,Fillimore,kfillimorenk@statcounter.com,Female,31.115.1.74
850,Gunter,Cardall,gcardallnl@biblegateway.com,Male,21.193.72.233
851,Audry,Jennings,ajenningsnm@joomla.org,Female,16.155.228.6
852,Freddi,Hue,fhuenn@nydailynews.com,Female,85.44.54.52
853,Jammal,Pidgley,jpidgleyno@wiley.com,Male,63.200.244.18
854,Faith,Lenthall,flenthallnp@walmart.com,Female,139.112.200.28
855,Beauregard,Moughton,bmoughtonnq@moonfruit.com,Male,235.72.238.54
856,Gene,Ashpital,gashpitalnr@army.mil,Male,200.206.217.164
857,Madelena,Dimblebee,mdimblebeens@foxnews.com,Female,152.156.81.48
858,Dodie,Saddington,dsaddingtonnt@netscape.com,Female,24.218.29.141
859,Andrej,Connop,aconnopnu@kickstarter.com,Male,172.86.41.70
860,Sofie,Werrit,swerritnv@microsoft.com,Female,254.229.137.68
861,Leona,Lintott,llintottnw@businessweek.com,Female,38.165.244.197
862,Marty,MacIlurick,mmaciluricknx@imageshack.us,Female,23.74.232.89
863,Florri,Kezar,fkezarny@oaic.gov.au,Agender,80.122.59.176
864,Gunar,Sutton,gsuttonnz@weibo.com,Male,127.224.201.199
865,Jean,Siret,jsireto0@aol.com,Male,167.72.3.144
866,Melonie,Kment,mkmento1@usatoday.com,Female,209.109.84.238
867,Ariana,Garham,agarhamo2@indiegogo.com,Female,252.198.92.91
868,Casey,Hughf,chughfo3@ihg.com,Male,145.59.106.20
869,Desmund,Burkman,dburkmano4@abc.net.au,Male,201.214.114.197
870,Sidnee,Hasser,shassero5@google.co.uk,Male,124.15.103.148
871,Philippe,Aitcheson,paitchesono6@deviantart.com,Female,10.131.84.241
872,Adam,Gennerich,agennericho7@guardian.co.uk,Male,249.230.231.218
873,Emiline,Barcroft,ebarcrofto8@wufoo.com,Female,16.213.0.244
874,Idelle,Schiesterl,ischiesterlo9@squarespace.com,Genderfluid,86.105.174.147
875,Tann,Feben,tfebenoa@seesaa.net,Male,36.27.105.188
876,Ogden,Roffey,oroffeyob@com.com,Male,242.131.198.107
877,Cathrin,Tieraney,ctieraneyoc@mail.ru,Female,247.36.177.109
878,Lenci,Goddman,lgoddmanod@imgur.com,Male,216.46.186.224
879,Barret,Haveline,bhavelineoe@ovh.net,Non-binary,74.12.130.248
880,Clywd,Henriquet,chenriquetof@nydailynews.com,Male,145.216.214.158
881,Cinnamon,Stert,cstertog@homestead.com,Female,184.69.33.116
882,Betta,Bisco,bbiscooh@imdb.com,Female,199.196.22.124
883,Codi,Reah,creahoi@comcast.net,Female,32.53.163.163
884,Danila,Hudghton,dhudghtonoj@omniture.com,Female,98.233.202.196
885,Natale,Wilbraham,nwilbrahamok@odnoklassniki.ru,Male,128.148.9.255
886,Shirlene,Thynne,sthynneol@hud.gov,Female,205.126.82.51
887,Durand,Gatty,dgattyom@apple.com,Male,240.80.136.85
888,Deni,Cridge,dcridgeon@gov.uk,Female,23.144.29.189
889,Gunter,Chaman,gchamanoo@washingtonpost.com,Male,53.62.2.22
890,Flory,Jenner,fjennerop@posterous.com,Female,191.241.89.45
891,Marieann,Vedishchev,mvedishchevoq@creativecommons.org,Female,187.215.169.244
892,Sky,Gabb,sgabbor@ftc.gov,Male,123.237.144.124
893,Remington,Henrique,rhenriqueos@dailymotion.com,Male,161.22.5.10
894,Emlynn,Fitchett,efitchettot@woothemes.com,Female,244.119.215.27
895,Neall,Tunney,ntunneyou@omniture.com,Male,220.80.179.41
896,Nert,Curedell,ncuredellov@webs.com,Female,7.201.233.251
897,Angelia,Gyles,agylesow@amazon.co.uk,Female,146.68.101.22
898,Marjory,Fere,mfereox@google.ru,Non-binary,99.16.36.69
899,Charla,Buggy,cbuggyoy@indiegogo.com,Female,208.216.43.39
900,Sande,Dicken,sdickenoz@mail.ru,Female,197.113.112.87
901,Martica,Clapperton,mclappertonp0@usda.gov,Female,253.28.236.226
902,Emelita,Hardison,ehardisonp1@theatlantic.com,Female,101.144.102.66
903,Barrett,Spacie,bspaciep2@utexas.edu,Male,182.229.215.63
904,Law,Stovine,lstovinep3@exblog.jp,Male,137.94.115.225
905,Lauralee,Michelotti,lmichelottip4@earthlink.net,Female,255.74.209.178
906,Charleen,Vlahos,cvlahosp5@live.com,Female,116.239.45.65
907,Ernie,Shaul,eshaulp6@youtu.be,Male,109.32.235.179
908,Yorke,Benedidick,ybenedidickp7@ocn.ne.jp,Male,207.51.132.220
909,Conchita,Dundridge,cdundridgep8@cisco.com,Female,204.235.55.130
910,Roseanne,Torald,rtoraldp9@barnesandnoble.com,Female,62.180.54.26
911,Gabby,Tanswill,gtanswillpa@cdc.gov,Male,49.170.148.125
912,Allene,Buckler,abucklerpb@pinterest.com,Female,104.169.141.138
913,Izzy,Renowden,irenowdenpc@cargocollective.com,Male,203.76.20.228
914,Hetti,Alway,halwaypd@gizmodo.com,Female,150.219.237.86
915,Whitman,Tytler,wtytlerpe@usgs.gov,Male,143.191.16.86
916,Merell,Whitebread,mwhitebreadpf@dropbox.com,Male,191.142.77.69
917,Melisent,Etteridge,metteridgepg@4shared.com,Female,199.207.16.184
918,Kliment,Crown,kcrownph@ihg.com,Polygender,120.60.223.253
919,Ichabod,Brennans,ibrennanspi@myspace.com,Male,108.98.201.55
920,Skye,McCloid,smccloidpj@addtoany.com,Male,238.92.173.247
921,Elena,Lassen,elassenpk@1688.com,Female,64.183.143.236
922,Kizzee,Sillars,ksillarspl@lulu.com,Female,98.120.229.185
923,Seumas,Beall,sbeallpm@elpais.com,Male,232.50.59.69
924,Mareah,Horning,mhorningpn@angelfire.com,Female,216.220.36.193
925,Josephina,Gietz,jgietzpo@ted.com,Female,162.231.171.190
926,Shem,Stollenbeck,sstollenbeckpp@macromedia.com,Male,88.212.172.215
927,Gabi,Rodliff,grodliffpq@squidoo.com,Male,212.91.13.142
928,Lise,Balchin,lbalchinpr@technorati.com,Female,111.236.25.177
929,Wyndham,Skaife d'Ingerthorpe,wskaifedingerthorpeps@etsy.com,Male,185.65.34.5
930,Shurlocke,Gorman,sgormanpt@disqus.com,Male,200.61.213.207
931,Janessa,Duggen,jduggenpu@telegraph.co.uk,Female,65.194.33.89
932,Bili,Farenden,bfarendenpv@fda.gov,Female,23.24.191.187
933,Bria,Kenner,bkennerpw@noaa.gov,Female,131.23.103.108
934,Mariquilla,Fedder,mfedderpx@shop-pro.jp,Female,145.103.90.16
935,Nevins,Mumby,nmumbypy@nymag.com,Male,79.107.47.114
936,Corbett,Fitzmaurice,cfitzmauricepz@xrea.com,Male,122.99.156.127
937,Ugo,Opy,uopyq0@umn.edu,Male,127.152.105.234
938,Belle,MacCumeskey,bmaccumeskeyq1@tumblr.com,Female,109.126.110.129
939,King,Sadat,ksadatq2@foxnews.com,Male,161.170.251.42
940,Dagmar,Yeldham,dyeldhamq3@discuz.net,Female,20.51.167.255
941,Wilden,Lippingwell,wlippingwellq4@ihg.com,Male,7.76.36.50
942,Andre,Ozelton,aozeltonq5@geocities.jp,Male,15.111.100.39
943,Selinda,Shiril,sshirilq6@biblegateway.com,Female,103.244.140.89
944,Haskell,Claus,hclausq7@myspace.com,Male,30.61.254.90
945,Chickie,Peddowe,cpeddoweq8@hp.com,Female,222.118.120.193
946,Hughie,Kniveton,hknivetonq9@indiegogo.com,Male,245.27.106.29
947,Horatia,Stentiford,hstentifordqa@google.ru,Female,95.50.162.142
948,Sigmund,Godlip,sgodlipqb@seesaa.net,Male,159.231.239.202
949,Robby,Lehr,rlehrqc@house.gov,Female,12.47.55.242
950,Aube,Levins,alevinsqd@tumblr.com,Male,181.249.105.56
951,Saw,Cogley,scogleyqe@slate.com,Male,203.67.89.100
952,Willyt,Pinches,wpinchesqf@yolasite.com,Female,250.58.72.108
953,Ashla,Van Son,avansonqg@economist.com,Female,136.207.64.78
954,Carolan,Wreford,cwrefordqh@tamu.edu,Polygender,93.120.0.129
955,Cordelie,Crich,ccrichqi@cargocollective.com,Female,80.203.200.60
956,Rosemaria,Chandler,rchandlerqj@elegantthemes.com,Female,40.130.183.243
957,Prentice,MacFall,pmacfallqk@delicious.com,Male,0.210.4.216
958,Rakel,Moorrud,rmoorrudql@usnews.com,Female,138.170.159.138
959,Adrienne,Laver,alaverqm@dmoz.org,Female,19.116.83.100
960,Adriano,Darnbrough,adarnbroughqn@facebook.com,Male,72.11.24.149
961,Mareah,Stotherfield,mstotherfieldqo@infoseek.co.jp,Female,15.123.16.235
962,Lombard,Cordelle,lcordelleqp@uol.com.br,Male,184.13.215.35
963,Simonette,Lusty,slustyqq@newsvine.com,Female,145.193.27.193
964,Lenka,De Cruce,ldecruceqr@yahoo.com,Female,191.215.110.61
965,Wain,Twyford,wtwyfordqs@springer.com,Male,14.116.40.32
966,Laraine,Baurerich,lbaurerichqt@cbsnews.com,Genderfluid,15.24.203.115
967,Marshall,Hanster,mhansterqu@multiply.com,Male,166.243.72.144
968,Doralin,Tompkinson,dtompkinsonqv@ibm.com,Non-binary,58.217.191.214
969,Jefferey,Cordaroy,jcordaroyqw@spiegel.de,Male,71.249.236.91
970,Merridie,Fettes,mfettesqx@printfriendly.com,Bigender,25.164.97.20
971,Debbi,McCaw,dmccawqy@gravatar.com,Female,213.106.226.225
972,Stern,Gilder,sgilderqz@virginia.edu,Male,118.158.235.207
973,Nyssa,Langelaan,nlangelaanr0@bloglines.com,Female,177.190.31.219
974,George,Laycock,glaycockr1@msn.com,Female,221.79.85.198
975,Merv,Durtnall,mdurtnallr2@princeton.edu,Male,254.54.172.186
976,Mace,Wainscot,mwainscotr3@state.gov,Male,125.228.22.170
977,Katalin,Maestro,kmaestror4@technorati.com,Female,12.61.189.66
978,Arliene,Harrell,aharrellr5@chicagotribune.com,Female,249.27.219.25
979,Kathye,Maceur,kmaceurr6@youku.com,Female,159.135.19.43
980,Rafaela,Rupel,rrupelr7@printfriendly.com,Agender,67.104.75.73
981,Wyatan,Lelande,wlelander8@shareasale.com,Male,91.160.209.8
982,Diannne,Christofe,dchristofer9@addtoany.com,Female,1.202.69.221
983,Abra,Keddy,akeddyra@bigcartel.com,Female,206.251.19.101
984,Svend,Dendon,sdendonrb@storify.com,Male,44.45.163.194
985,Fax,Danielsen,fdanielsenrc@sbwire.com,Male,181.195.3.212
986,Veda,Venditto,vvendittord@thetimes.co.uk,Female,181.250.135.67
987,Benni,Eglinton,beglintonre@mashable.com,Female,155.12.136.58
988,Hartwell,Jiran,hjiranrf@yellowpages.com,Male,181.5.240.192
989,Marvin,Domek,mdomekrg@wikispaces.com,Male,4.126.137.49
990,Bond,Dantesia,bdantesiarh@irs.gov,Male,245.149.194.63
991,Brewster,Poulgreen,bpoulgreenri@ocn.ne.jp,Male,148.255.107.55
992,Algernon,Chadwick,achadwickrj@digg.com,Male,183.180.196.158
993,Karissa,Dilon,kdilonrk@themeforest.net,Female,229.97.175.247
994,Arri,Brumfield,abrumfieldrl@jalbum.net,Male,176.55.1.141
995,Fredrika,Wollen,fwollenrm@behance.net,Female,86.45.133.240
996,Steffane,De Beauchamp,sdebeauchamprn@washington.edu,Female,178.200.255.216
997,Pavel,Liptrot,pliptrotro@cmu.edu,Male,5.138.49.82
998,Lind,Moreinis,lmoreinisrp@t.co,Genderqueer,133.124.213.62
999,Parke,Drayn,pdraynrq@mozilla.org,Male,17.41.242.193
1000,Dante,Forte,dforterr@spiegel.de,Male,137.144.97.23
